<?xml version="1.0" encoding="UTF-8"?>
<!DOCTYPE mapper
  PUBLIC "-//mybatis.org//DTD Mapper 3.0//EN"
  "http://mybatis.org/dtd/mybatis-3-mapper.dtd">
<mapper namespace="com.yb.cheung.ibatis.dao.DeptDao" >
    <!-- 表示dept表的查询结果保存到二级缓存中（共享缓存中） -->
    <cache></cache>
  
    <select id="findAll" resultType="com.yb.cheung.ibatis.bean.Dept">
      select * from dept
    </select>

    <select id="findById" resultType="com.yb.cheung.ibatis.bean.Dept">
      select * from dept where deptno = #{deptno}
    </select>

    <insert id="deptAdd" flushCache="true">
        insert into dept values (#{deptno},#{dname},#{loc})
    </insert>

    <delete id="delById" parameterType="java.lang.Integer" flushCache="true">
        delete from dept where deptno = #{deptno}
    </delete>

</mapper>

